,Id,ShippedDate,ShipVia,Freight,ShipRegion,ShipCountry
0,10248,2012-07-16,3,32.38,Western Europe,France
1,10249,2012-07-10,1,11.61,Western Europe,Germany
2,10250,2012-07-12,2,65.83,South America,Brazil
3,10251,2012-07-15,1,41.34,Western Europe,France
4,10252,2012-07-11,2,51.3,Western Europe,Belgium
5,10253,2012-07-16,2,58.17,South America,Brazil
6,10254,2012-07-23,2,22.98,Western Europe,Switzerland
7,10255,2012-07-15,3,148.33,Western Europe,Switzerland
8,10256,2012-07-17,2,13.97,South America,Brazil
9,10257,2012-07-22,3,81.91,South America,Venezuela
10,10258,2012-07-23,1,140.51,Western Europe,Austria
11,10259,2012-07-25,3,3.25,Central America,Mexico
12,10260,2012-07-29,1,55.09,Western Europe,Germany
13,10261,2012-07-30,2,3.05,South America,Brazil
14,10262,2012-07-25,3,48.29,North America,USA
15,10263,2012-07-31,3,146.06,Western Europe,Austria
16,10264,2012-08-23,3,3.67,Northern Europe,Sweden
17,10265,2012-08-12,1,55.28,Western Europe,France
18,10266,2012-07-31,3,25.73,Scandinavia,Finland
19,10267,2012-08-06,1,208.58,Western Europe,Germany
20,10268,2012-08-02,3,66.29,South America,Venezuela
21,10269,2012-08-09,1,4.56,North America,USA
22,10270,2012-08-02,1,136.54,Scandinavia,Finland
23,10271,2012-08-30,2,4.54,North America,USA
24,10272,2012-08-06,2,98.03,North America,USA
25,10273,2012-08-12,3,76.07,Western Europe,Germany
26,10274,2012-08-16,1,6.01,Western Europe,France
27,10275,2012-08-09,1,26.93,Southern Europe,Italy
28,10276,2012-08-14,3,13.84,Central America,Mexico
29,10277,2012-08-13,3,125.77,Western Europe,Germany
30,10278,2012-08-16,2,92.69,Northern Europe,Sweden
31,10279,2012-08-16,2,25.83,Western Europe,Germany
32,10280,2012-09-12,1,8.98,Northern Europe,Sweden
33,10281,2012-08-21,1,2.94,Southern Europe,Spain
34,10282,2012-08-21,1,12.69,Southern Europe,Spain
35,10283,2012-08-23,3,84.81,South America,Venezuela
36,10284,2012-08-27,1,76.56,Western Europe,Germany
37,10285,2012-08-26,2,76.83,Western Europe,Germany
38,10286,2012-08-30,3,229.24,Western Europe,Germany
39,10287,2012-08-28,3,12.76,South America,Brazil
40,10288,2012-09-03,1,7.45,Southern Europe,Italy
41,10289,2012-08-28,3,22.77,British Isles,UK
42,10290,2012-09-03,1,79.7,South America,Brazil
43,10291,2012-09-04,2,6.4,South America,Brazil
44,10292,2012-09-02,2,1.35,South America,Brazil
45,10293,2012-09-11,3,21.18,Central America,Mexico
46,10294,2012-09-05,2,147.26,North America,USA
47,10295,2012-09-10,2,1.15,Western Europe,France
48,10296,2012-09-11,1,0.12,South America,Venezuela
49,10297,2012-09-10,2,5.74,Western Europe,France
50,10298,2012-09-11,2,168.22,British Isles,Ireland
51,10299,2012-09-13,2,29.76,South America,Brazil
52,10300,2012-09-18,2,17.68,Southern Europe,Italy
53,10301,2012-09-17,2,45.08,Western Europe,Germany
54,10302,2012-10-09,2,6.27,Western Europe,Belgium
55,10303,2012-09-18,2,107.83,Southern Europe,Spain
56,10304,2012-09-17,2,63.79,Central America,Mexico
57,10305,2012-10-09,3,257.62,North America,USA
58,10306,2012-09-23,3,7.56,Southern Europe,Spain
59,10307,2012-09-25,2,0.56,North America,USA
60,10308,2012-09-24,3,1.61,Central America,Mexico
61,10309,2012-10-23,1,47.3,British Isles,Ireland
62,10310,2012-09-27,2,17.52,North America,USA
63,10311,2012-09-26,3,24.69,Western Europe,France
64,10312,2012-10-03,2,40.26,Western Europe,Germany
65,10313,2012-10-04,2,1.96,Western Europe,Germany
66,10314,2012-10-04,2,74.16,North America,USA
67,10315,2012-10-03,2,41.76,British Isles,UK
68,10316,2012-10-08,3,150.15,North America,USA
69,10317,2012-10-10,1,12.69,North America,USA
70,10318,2012-10-04,2,4.73,British Isles,UK
71,10319,2012-10-11,3,64.5,Central America,Mexico
72,10320,2012-10-18,3,34.57,Scandinavia,Finland
73,10321,2012-10-11,2,3.43,British Isles,UK
74,10322,2012-10-23,3,0.4,Central America,Mexico
75,10323,2012-10-14,1,4.88,Western Europe,Germany
76,10324,2012-10-10,1,214.27,North America,USA
77,10325,2012-10-14,3,64.86,Western Europe,Germany
78,10326,2012-10-14,2,77.92,Southern Europe,Spain
79,10327,2012-10-14,1,63.36,Northern Europe,Sweden
80,10328,2012-10-17,3,87.03,Southern Europe,Portugal
81,10329,2012-10-23,2,191.67,North America,USA
82,10330,2012-10-28,1,12.75,South America,Venezuela
83,10331,2012-10-21,1,10.19,Western Europe,France
84,10332,2012-10-21,2,52.84,North America,Canada
85,10333,2012-10-25,3,0.59,Scandinavia,Finland
86,10334,2012-10-28,2,8.56,Western Europe,France
87,10335,2012-10-24,2,42.11,British Isles,Ireland
88,10336,2012-10-25,2,15.51,Southern Europe,Portugal
89,10337,2012-10-29,3,108.26,Western Europe,Germany
90,10338,2012-10-29,3,84.21,North America,USA
91,10339,2012-11-04,2,15.66,North America,Canada
92,10340,2012-11-08,3,166.31,Western Europe,France
93,10341,2012-11-05,3,26.78,Northern Europe,Denmark
94,10342,2012-11-04,2,54.83,Western Europe,Germany
95,10343,2012-11-06,1,110.37,Western Europe,Germany
96,10344,2012-11-05,2,23.29,North America,USA
97,10345,2012-11-11,2,249.06,Western Europe,Germany
98,10346,2012-11-08,3,142.08,North America,USA
99,10347,2012-11-08,3,3.1,South America,Brazil
100,10348,2012-11-15,2,0.78,Western Europe,Germany
101,10349,2012-11-15,1,8.63,North America,USA
102,10350,2012-12-03,2,64.19,Western Europe,France
103,10351,2012-11-20,1,162.33,Western Europe,Austria
104,10352,2012-11-18,3,1.3,Southern Europe,Portugal
105,10353,2012-11-25,3,360.63,Western Europe,Austria
106,10354,2012-11-20,3,53.8,Central America,Mexico
107,10355,2012-11-20,1,41.95,British Isles,UK
108,10356,2012-11-27,2,36.71,Western Europe,Germany
109,10357,2012-12-02,3,34.88,South America,Venezuela
110,10358,2012-11-27,1,19.64,Western Europe,France
111,10359,2012-11-26,3,288.43,British Isles,UK
112,10360,2012-12-02,3,131.7,Western Europe,France
113,10361,2012-12-03,2,183.17,Western Europe,Germany
114,10362,2012-11-28,1,96.04,Western Europe,France
115,10363,2012-12-04,3,30.54,Western Europe,Germany
116,10364,2012-12-04,1,71.97,British Isles,UK
117,10365,2012-12-02,2,22.0,Central America,Mexico
118,10366,2012-12-30,2,10.14,Southern Europe,Spain
119,10367,2012-12-02,3,13.55,Northern Europe,Denmark
120,10368,2012-12-02,2,101.95,Western Europe,Austria
121,10369,2012-12-09,2,195.68,North America,USA
122,10370,2012-12-27,2,1.17,Western Europe,Switzerland
123,10371,2012-12-24,1,0.45,Western Europe,France
124,10372,2012-12-09,2,890.78,South America,Brazil
125,10373,2012-12-11,3,124.12,British Isles,Ireland
126,10374,2012-12-09,3,3.94,Eastern Europe,Poland
127,10375,2012-12-09,2,20.12,North America,USA
128,10376,2012-12-13,2,20.39,North America,Canada
129,10377,2012-12-13,3,22.21,British Isles,UK
130,10378,2012-12-19,3,5.44,Northern Europe,Sweden
131,10379,2012-12-13,1,45.03,South America,Brazil
132,10380,2013-01-16,3,35.03,British Isles,Ireland
133,10381,2012-12-13,3,7.99,South America,Venezuela
134,10382,2012-12-16,1,94.77,Western Europe,Austria
135,10383,2012-12-18,3,34.24,British Isles,UK
136,10384,2012-12-20,3,168.64,Northern Europe,Sweden
137,10385,2012-12-23,2,30.96,North America,USA
138,10386,2012-12-25,3,13.99,South America,Brazil
139,10387,2012-12-20,2,93.63,Scandinavia,Norway
140,10388,2012-12-20,1,34.86,British Isles,UK
141,10389,2012-12-24,2,47.42,North America,Canada
142,10390,2012-12-26,1,126.38,Western Europe,Austria
143,10391,2012-12-31,3,5.45,Western Europe,Germany
144,10392,2013-01-01,3,122.46,Western Europe,Austria
145,10393,2013-01-03,3,126.56,North America,USA
146,10394,2013-01-03,3,30.34,North America,USA
147,10395,2013-01-03,1,184.41,South America,Venezuela
148,10396,2013-01-06,3,135.35,Western Europe,Germany
149,10397,2013-01-02,1,60.26,Southern Europe,Portugal
150,10398,2013-01-09,3,89.16,North America,USA
151,10399,2013-01-08,3,27.36,Northern Europe,Denmark
152,10400,2013-01-16,3,83.93,British Isles,UK
153,10401,2013-01-10,1,12.51,North America,USA
154,10402,2013-01-10,2,67.88,Western Europe,Austria
155,10403,2013-01-09,3,73.79,Western Europe,Austria
156,10404,2013-01-08,1,155.97,Southern Europe,Italy
157,10405,2013-01-22,1,34.82,South America,Venezuela
158,10406,2013-01-13,1,108.04,South America,Brazil
159,10407,2013-01-30,2,91.48,Western Europe,Germany
160,10408,2013-01-14,1,11.26,Western Europe,France
161,10409,2013-01-14,1,29.83,South America,Argentina
162,10410,2013-01-15,3,2.4,North America,Canada
163,10411,2013-01-21,3,23.65,North America,Canada
164,10412,2013-01-15,2,3.77,Scandinavia,Finland
165,10413,2013-01-16,2,95.66,Western Europe,France
166,10414,2013-01-17,3,21.48,South America,Brazil
167,10415,2013-01-24,1,0.2,North America,USA
168,10416,2013-01-27,3,22.72,Scandinavia,Finland
169,10417,2013-01-28,3,70.29,Northern Europe,Denmark
170,10418,2013-01-24,1,17.55,Western Europe,Germany
171,10419,2013-01-30,2,137.35,Western Europe,Switzerland
172,10420,2013-01-27,1,44.12,South America,Brazil
173,10421,2013-01-27,1,99.23,South America,Brazil
174,10422,2013-01-31,1,3.02,Southern Europe,Italy
175,10423,2013-02-24,3,24.5,South America,Brazil
176,10424,2013-01-27,2,370.61,North America,Canada
177,10425,2013-02-14,2,7.93,Western Europe,France
178,10426,2013-02-06,1,18.69,Southern Europe,Spain
179,10427,2013-03-03,2,31.29,Western Europe,Austria
180,10428,2013-02-04,1,11.09,Southern Europe,Italy
181,10429,2013-02-07,2,56.63,British Isles,Ireland
182,10430,2013-02-03,1,458.78,Western Europe,Austria
183,10431,2013-02-07,2,44.17,North America,Canada
184,10432,2013-02-07,2,4.34,North America,USA
185,10433,2013-03-04,3,73.83,Southern Europe,Portugal
186,10434,2013-02-13,2,17.92,Northern Europe,Sweden
187,10435,2013-02-07,2,9.21,British Isles,UK
188,10436,2013-02-11,2,156.66,Western Europe,France
189,10437,2013-02-12,1,19.97,Scandinavia,Finland
190,10438,2013-02-14,2,8.24,Western Europe,Germany
191,10439,2013-02-10,3,4.07,North America,Canada
192,10440,2013-02-28,2,86.53,North America,USA
193,10441,2013-03-14,2,73.02,North America,USA
194,10442,2013-02-18,2,47.94,Western Europe,Austria
195,10443,2013-02-14,1,13.95,Southern Europe,Italy
196,10444,2013-02-21,3,3.5,Northern Europe,Sweden
197,10445,2013-02-20,1,9.3,Northern Europe,Sweden
198,10446,2013-02-19,1,14.68,Western Europe,Germany
199,10447,2013-03-07,2,68.66,South America,Brazil
200,10448,2013-02-24,2,38.82,South America,Argentina
201,10449,2013-02-27,2,53.3,Western Europe,France
202,10450,2013-03-11,2,7.23,Western Europe,France
203,10451,2013-03-12,3,189.09,Western Europe,Germany
204,10452,2013-02-26,1,140.26,North America,USA
205,10453,2013-02-26,2,25.36,British Isles,UK
206,10454,2013-02-25,3,2.74,Western Europe,France
207,10455,2013-03-03,2,180.45,Scandinavia,Finland
208,10456,2013-02-28,2,8.12,Western Europe,Germany
209,10457,2013-03-03,1,11.57,Western Europe,Germany
210,10458,2013-03-04,3,147.06,Western Europe,Belgium
211,10459,2013-02-28,2,25.09,Western Europe,France
212,10460,2013-03-03,1,16.27,Northern Europe,Sweden
213,10461,2013-03-05,3,148.61,South America,Venezuela
214,10462,2013-03-18,1,6.17,British Isles,UK
215,10463,2013-03-06,3,14.78,Western Europe,Belgium
216,10464,2013-03-14,2,89.0,Southern Europe,Portugal
217,10465,2013-03-14,3,145.04,Northern Europe,Denmark
218,10466,2013-03-13,1,11.93,South America,Brazil
219,10467,2013-03-11,2,4.93,Southern Europe,Italy
220,10468,2013-03-12,3,44.12,Western Europe,Germany
221,10469,2013-03-14,1,60.18,North America,USA
222,10470,2013-03-14,2,64.56,Western Europe,France
223,10471,2013-03-18,3,45.59,British Isles,UK
224,10472,2013-03-19,1,4.2,British Isles,UK
225,10473,2013-03-21,3,16.37,British Isles,UK
226,10474,2013-03-21,2,83.49,Central America,Mexico
227,10475,2013-04-04,1,68.52,Western Europe,Belgium
228,10476,2013-03-24,3,4.41,South America,Venezuela
229,10477,2013-03-25,2,13.02,Southern Europe,Portugal
230,10478,2013-03-26,3,4.81,Western Europe,France
231,10479,2013-03-21,3,708.95,North America,USA
232,10480,2013-03-24,2,1.35,Western Europe,France
233,10481,2013-03-25,2,64.33,South America,Brazil
234,10482,2013-04-10,3,7.48,North America,USA
235,10483,2013-04-25,2,15.28,North America,USA
236,10484,2013-04-01,3,6.88,British Isles,UK
237,10485,2013-03-31,2,64.45,South America,Venezuela
238,10486,2013-04-02,2,30.53,South America,Venezuela
239,10487,2013-03-28,2,71.07,South America,Brazil
240,10488,2013-04-02,2,4.93,Western Europe,Germany
241,10489,2013-04-09,2,5.29,Western Europe,Austria
242,10490,2013-04-03,2,210.19,South America,Venezuela
243,10491,2013-04-08,3,16.96,Southern Europe,Portugal
244,10492,2013-04-11,1,62.89,North America,Canada
245,10493,2013-04-10,3,10.64,Western Europe,France
246,10494,2013-04-09,2,65.99,South America,Brazil
247,10495,2013-04-11,3,4.65,North America,Canada
248,10496,2013-04-07,2,46.77,South America,Brazil
249,10497,2013-04-07,1,36.21,Western Europe,Germany
250,10498,2013-04-11,2,29.75,South America,Venezuela
251,10499,2013-04-16,2,102.02,South America,Venezuela
252,10500,2013-04-17,1,42.68,Western Europe,France
253,10501,2013-04-16,3,8.85,Western Europe,Germany
254,10502,2013-04-29,1,69.32,Central America,Mexico
255,10503,2013-04-16,2,16.74,British Isles,Ireland
256,10504,2013-04-18,3,59.13,North America,USA
257,10505,2013-04-21,3,7.13,North America,Canada
258,10506,2013-05-02,2,21.19,Western Europe,Germany
259,10507,2013-04-22,1,47.45,Central America,Mexico
260,10508,2013-05-13,2,4.99,Western Europe,Germany
261,10509,2013-04-29,1,0.15,Western Europe,Germany
262,10510,2013-04-28,3,367.63,North America,USA
263,10511,2013-04-21,3,350.64,Western Europe,France
264,10512,2013-04-24,2,3.53,South America,Brazil
265,10513,2013-04-28,1,105.65,Western Europe,Germany
266,10514,2013-05-16,2,789.95,Western Europe,Austria
267,10515,2013-05-23,1,204.47,Western Europe,Germany
268,10516,2013-05-01,3,62.78,British Isles,Ireland
269,10517,2013-04-29,3,32.07,British Isles,UK
270,10518,2013-05-05,2,218.15,Central America,Mexico
271,10519,2013-05-01,3,91.76,Western Europe,Switzerland
272,10520,2013-05-01,1,13.37,Scandinavia,Norway
273,10521,2013-05-02,2,17.22,South America,Argentina
274,10522,2013-05-06,1,45.33,Western Europe,Germany
275,10523,2013-05-30,2,77.63,British Isles,UK
276,10524,2013-05-07,2,244.79,Northern Europe,Sweden
277,10525,2013-05-23,2,11.06,Western Europe,France
278,10526,2013-05-15,2,58.59,Scandinavia,Finland
279,10527,2013-05-07,1,41.9,Western Europe,Germany
280,10528,2013-05-09,2,3.35,North America,USA
281,10529,2013-05-09,2,66.69,Western Europe,Belgium
282,10530,2013-05-12,2,339.22,Western Europe,Austria
283,10531,2013-05-19,1,8.12,South America,Argentina
284,10532,2013-05-12,3,74.46,British Isles,UK
285,10533,2013-05-22,1,188.04,Northern Europe,Sweden
286,10534,2013-05-14,2,27.94,Western Europe,Germany
287,10535,2013-05-21,1,15.64,Central America,Mexico
288,10536,2013-06-06,2,58.88,Western Europe,Germany
289,10537,2013-05-19,1,78.85,Western Europe,Switzerland
290,10538,2013-05-16,3,4.87,British Isles,UK
291,10539,2013-05-23,3,12.36,British Isles,UK
292,10540,2013-06-13,3,1007.64,Western Europe,Germany
293,10541,2013-05-29,1,68.65,South America,Brazil
294,10542,2013-05-26,3,10.95,Western Europe,Germany
295,10543,2013-05-23,2,48.17,South America,Venezuela
296,10544,2013-05-30,1,24.91,North America,USA
297,10545,2013-06-26,2,11.92,North America,USA
298,10546,2013-05-27,3,194.72,Western Europe,France
299,10547,2013-06-02,2,178.43,British Isles,UK
300,10548,2013-06-02,2,1.43,Western Europe,Germany
301,10549,2013-05-30,1,171.24,Western Europe,Germany
302,10550,2013-06-06,3,4.32,Southern Europe,Spain
303,10551,2013-06-06,3,72.95,Southern Europe,Portugal
304,10552,2013-06-05,1,83.22,South America,Venezuela
305,10553,2013-06-03,2,149.49,Scandinavia,Finland
306,10554,2013-06-05,3,120.97,Western Europe,Germany
307,10555,2013-06-04,3,252.49,North America,USA
308,10556,2013-06-13,1,9.8,Northern Europe,Denmark
309,10557,2013-06-06,2,96.72,Western Europe,Germany
310,10558,2013-06-10,2,72.97,British Isles,UK
311,10559,2013-06-13,1,8.05,Western Europe,France
312,10560,2013-06-09,1,36.65,Western Europe,Germany
313,10561,2013-06-09,2,242.21,Northern Europe,Sweden
314,10562,2013-06-12,1,22.95,Southern Europe,Italy
315,10563,2013-06-24,2,60.43,South America,Brazil
316,10564,2013-06-16,3,13.75,North America,USA
317,10565,2013-06-18,2,7.15,North America,Canada
318,10566,2013-06-18,1,88.4,Western Europe,France
319,10567,2013-06-17,1,33.97,British Isles,Ireland
320,10568,2013-07-09,3,6.54,Southern Europe,Spain
321,10569,2013-07-11,1,58.98,North America,USA
322,10570,2013-06-19,3,188.99,North America,Canada
323,10571,2013-07-04,3,26.06,Western Europe,Austria
324,10572,2013-06-25,2,116.43,Northern Europe,Sweden
325,10573,2013-06-20,3,84.84,Central America,Mexico
326,10574,2013-06-30,2,37.6,North America,USA
327,10575,2013-06-30,1,127.34,Western Europe,Germany
328,10576,2013-06-30,3,18.56,Central America,Mexico
329,10577,2013-06-30,2,25.41,North America,USA
330,10578,2013-07-25,3,29.6,British Isles,UK
331,10579,2013-07-04,2,13.73,North America,USA
332,10580,2013-07-01,3,75.89,Western Europe,Germany
333,10581,2013-07-02,1,3.01,South America,Brazil
334,10582,2013-07-14,2,27.71,Western Europe,Germany
335,10583,2013-07-04,2,7.28,Scandinavia,Finland
336,10584,2013-07-04,1,59.14,Western Europe,France
337,10585,2013-07-10,1,13.41,South America,Brazil
338,10586,2013-07-09,1,0.48,Southern Europe,Italy
339,10587,2013-07-09,1,62.52,South America,Brazil
340,10588,2013-07-10,3,194.67,Western Europe,Germany
341,10589,2013-07-14,2,4.42,North America,USA
342,10590,2013-07-14,3,44.77,North America,Canada
343,10591,2013-07-16,1,55.92,Northern Europe,Denmark
344,10592,2013-07-16,1,32.1,Western Europe,Germany
345,10593,2013-08-13,2,174.2,Western Europe,Germany
346,10594,2013-07-16,2,5.24,North America,USA
347,10595,2013-07-14,1,96.78,Western Europe,Austria
348,10596,2013-08-12,1,16.34,North America,USA
349,10597,2013-07-18,3,35.12,Western Europe,Austria
350,10598,2013-07-18,3,44.42,North America,USA
351,10599,2013-07-21,3,29.98,British Isles,UK
352,10600,2013-07-21,1,45.13,North America,USA
353,10601,2013-07-22,1,58.3,South America,Venezuela
354,10602,2013-07-22,2,2.92,Northern Europe,Denmark
355,10603,2013-08-08,2,48.77,North America,USA
356,10604,2013-07-29,1,7.46,Southern Europe,Portugal
357,10605,2013-07-29,2,379.13,North America,Canada
358,10606,2013-07-31,3,79.4,South America,Brazil
359,10607,2013-07-25,1,200.24,North America,USA
360,10608,2013-08-01,2,27.79,Western Europe,Germany
361,10609,2013-07-30,2,1.85,Western Europe,France
362,10610,2013-08-06,1,26.78,Western Europe,France
363,10611,2013-08-01,2,80.65,Eastern Europe,Poland
364,10612,2013-08-01,2,544.08,North America,USA
365,10613,2013-08-01,2,8.11,South America,Venezuela
366,10614,2013-08-01,3,1.93,Western Europe,Germany
367,10615,2013-08-06,3,0.75,Scandinavia,Finland
368,10616,2013-08-05,2,116.53,North America,USA
369,10617,2013-08-04,2,18.53,North America,USA
370,10618,2013-08-08,1,154.68,North America,Canada
371,10619,2013-08-07,3,91.05,North America,Canada
372,10620,2013-08-14,3,0.94,North America,Canada
373,10621,2013-08-11,2,23.73,British Isles,UK
374,10622,2013-08-11,3,50.97,South America,Brazil
375,10623,2013-08-12,2,97.18,Western Europe,Germany
376,10624,2013-08-19,2,94.8,North America,USA
377,10625,2013-08-14,1,43.9,Central America,Mexico
378,10626,2013-08-20,2,138.69,Northern Europe,Sweden
379,10627,2013-08-21,3,107.46,North America,USA
380,10628,2013-08-20,3,30.36,Western Europe,France
381,10629,2013-08-20,3,85.46,Southern Europe,Spain
382,10630,2013-08-19,2,32.35,Western Europe,Germany
383,10631,2013-08-15,1,0.87,Western Europe,France
384,10632,2013-08-19,1,41.38,Western Europe,Germany
385,10633,2013-08-18,3,477.9,Western Europe,Austria
386,10634,2013-08-21,3,487.38,Western Europe,France
387,10635,2013-08-21,3,47.46,Southern Europe,Italy
388,10636,2013-08-26,1,1.15,Scandinavia,Finland
389,10637,2013-08-26,1,201.29,South America,Brazil
390,10638,2013-09-01,1,158.44,South America,Venezuela
391,10639,2013-08-27,3,38.64,Scandinavia,Norway
392,10640,2013-08-28,1,23.55,Western Europe,Germany
393,10641,2013-08-26,2,179.61,South America,Venezuela
394,10642,2013-09-05,3,41.89,Northern Europe,Denmark
395,10643,2013-09-02,1,29.46,Western Europe,Germany
396,10644,2013-09-01,2,0.14,South America,Brazil
397,10645,2013-09-02,1,12.41,South America,Brazil
398,10646,2013-09-03,3,142.33,British Isles,Ireland
399,10647,2013-09-03,2,45.54,South America,Brazil
400,10648,2013-09-09,2,14.25,South America,Brazil
401,10649,2013-08-29,3,6.2,Western Europe,Belgium
402,10650,2013-09-03,3,176.81,South America,Brazil
403,10651,2013-09-11,2,20.6,Western Europe,Germany
404,10652,2013-09-08,2,7.14,South America,Brazil
405,10653,2013-09-19,1,93.25,Western Europe,Germany
406,10654,2013-09-11,1,55.26,Northern Europe,Sweden
407,10655,2013-09-11,2,4.41,Southern Europe,Italy
408,10656,2013-09-10,1,57.15,North America,USA
409,10657,2013-09-15,2,352.69,North America,USA
410,10658,2013-09-08,1,364.15,Western Europe,Germany
411,10659,2013-09-10,2,105.81,South America,Brazil
412,10660,2013-10-15,1,111.29,North America,USA
413,10661,2013-09-15,3,17.55,British Isles,Ireland
414,10662,2013-09-18,2,1.28,North America,USA
415,10663,2013-10-03,2,113.15,Western Europe,France
416,10664,2013-09-19,3,1.27,Southern Europe,Portugal
417,10665,2013-09-17,2,26.31,North America,USA
418,10666,2013-09-22,2,232.42,Western Europe,Switzerland
419,10667,2013-09-19,1,78.09,Western Europe,Austria
420,10668,2013-09-23,2,47.22,Western Europe,Germany
421,10669,2013-09-22,1,24.39,Northern Europe,Denmark
422,10670,2013-09-18,1,203.48,Western Europe,Germany
423,10671,2013-09-24,1,30.34,Western Europe,France
424,10672,2013-09-26,2,95.75,Northern Europe,Sweden
425,10673,2013-09-19,1,22.76,Scandinavia,Finland
426,10674,2013-09-30,2,0.9,British Isles,UK
427,10675,2013-09-23,2,31.85,Western Europe,Germany
428,10676,2013-09-29,2,2.01,Central America,Mexico
429,10677,2013-09-26,3,4.03,Central America,Mexico
430,10678,2013-10-16,3,388.98,North America,USA
431,10679,2013-09-30,3,27.94,Western Europe,France
432,10680,2013-09-26,1,26.61,North America,USA
433,10681,2013-09-30,3,76.13,North America,USA
434,10682,2013-10-01,2,36.13,Central America,Mexico
435,10683,2013-10-01,1,4.4,Western Europe,France
436,10684,2013-09-30,1,145.63,Western Europe,Germany
437,10685,2013-10-03,2,33.75,South America,Brazil
438,10686,2013-10-08,1,96.5,Western Europe,Austria
439,10687,2013-10-30,2,296.43,British Isles,Ireland
440,10688,2013-10-07,2,299.09,Northern Europe,Denmark
441,10689,2013-10-07,2,13.42,Northern Europe,Sweden
442,10690,2013-10-03,1,15.8,South America,Brazil
443,10691,2013-10-22,2,810.05,Western Europe,Germany
444,10692,2013-10-13,2,61.02,Western Europe,Germany
445,10693,2013-10-10,3,139.34,North America,USA
446,10694,2013-10-09,3,398.36,Western Europe,Germany
447,10695,2013-10-14,1,16.72,Scandinavia,Finland
448,10696,2013-10-14,3,102.55,North America,USA
449,10697,2013-10-14,1,45.52,South America,Venezuela
450,10698,2013-10-17,1,272.47,Western Europe,Austria
451,10699,2013-10-13,3,0.58,Western Europe,Germany
452,10700,2013-10-16,1,65.1,North America,USA
453,10701,2013-10-15,3,220.31,British Isles,Ireland
454,10702,2013-10-21,1,23.94,Western Europe,Germany
455,10703,2013-10-20,2,152.3,Northern Europe,Sweden
456,10704,2013-11-07,1,4.78,South America,Brazil
457,10705,2013-11-18,2,3.52,South America,Venezuela
458,10706,2013-10-21,3,135.63,North America,USA
459,10707,2013-10-23,3,21.74,British Isles,UK
460,10708,2013-11-05,2,2.96,North America,USA
461,10709,2013-11-20,3,210.8,South America,Brazil
462,10710,2013-10-23,1,4.98,Southern Europe,Italy
463,10711,2013-10-29,2,52.41,North America,USA
464,10712,2013-10-31,1,89.93,British Isles,Ireland
465,10713,2013-10-24,1,167.05,North America,USA
466,10714,2013-10-27,3,24.49,North America,USA
467,10715,2013-10-29,1,63.2,Western Europe,France
468,10716,2013-10-27,2,22.57,South America,Argentina
469,10717,2013-10-29,2,59.25,Western Europe,Germany
470,10718,2013-10-29,3,170.88,Western Europe,Germany
471,10719,2013-11-05,2,51.44,North America,USA
472,10720,2013-11-05,2,9.53,South America,Brazil
473,10721,2013-10-31,3,48.92,Western Europe,Germany
474,10722,2013-11-04,1,74.58,North America,USA
475,10723,2013-11-25,1,21.72,North America,USA
476,10724,2013-11-05,2,57.75,North America,Canada
477,10725,2013-11-05,3,10.83,South America,Brazil
478,10726,2013-12-05,1,16.56,British Isles,UK
479,10727,2013-12-05,1,89.9,Southern Europe,Italy
480,10728,2013-11-11,2,58.33,South America,Brazil
481,10729,2013-11-14,3,141.06,South America,Venezuela
482,10730,2013-11-14,1,20.12,Western Europe,France
483,10731,2013-11-14,1,96.65,Western Europe,Switzerland
484,10732,2013-11-07,1,16.97,Western Europe,France
485,10733,2013-11-10,3,110.11,Northern Europe,Sweden
486,10734,2013-11-12,3,1.63,South America,Brazil
487,10735,2013-11-21,2,45.97,North America,USA
488,10736,2013-11-21,2,44.1,British Isles,Ireland
489,10737,2013-11-18,2,7.79,Western Europe,France
490,10738,2013-11-18,1,2.91,Western Europe,France
491,10739,2013-11-17,3,11.08,Western Europe,France
492,10740,2013-11-25,2,81.88,North America,USA
493,10741,2013-11-18,3,10.96,British Isles,UK
494,10742,2013-11-18,3,243.73,North America,Canada
495,10743,2013-11-21,2,23.72,British Isles,UK
496,10744,2013-11-24,1,69.19,Northern Europe,Denmark
497,10745,2013-11-27,1,3.52,Western Europe,Germany
498,10746,2013-11-21,3,31.43,Western Europe,Switzerland
499,10747,2013-11-26,1,117.33,Western Europe,Austria
500,10748,2013-11-28,1,232.55,North America,USA
501,10749,2013-12-19,2,61.53,British Isles,UK
502,10750,2013-11-24,1,79.3,Scandinavia,Finland
503,10751,2013-12-03,3,130.79,Western Europe,Switzerland
504,10752,2013-11-28,3,1.39,British Isles,UK
505,10753,2013-11-27,1,7.7,Southern Europe,Italy
506,10754,2013-11-27,3,2.38,Southern Europe,Italy
507,10755,2013-11-28,2,16.71,Western Europe,France
508,10756,2013-12-02,2,73.21,North America,USA
509,10757,2013-12-15,1,8.19,North America,USA
510,10758,2013-12-04,3,138.17,Western Europe,Switzerland
511,10759,2013-12-12,3,11.99,Central America,Mexico
512,10760,2013-12-10,1,155.64,Western Europe,Belgium
513,10761,2013-12-08,2,18.66,North America,USA
514,10762,2013-12-09,1,328.74,Northern Europe,Sweden
515,10763,2013-12-08,3,37.35,Western Europe,France
516,10764,2013-12-08,3,145.45,Western Europe,Austria
517,10765,2013-12-09,3,42.74,Western Europe,Germany
518,10766,2013-12-09,1,157.55,Western Europe,Germany
519,10767,2013-12-15,3,1.59,Western Europe,Belgium
520,10768,2013-12-15,2,146.32,British Isles,UK
521,10769,2013-12-12,1,65.06,Northern Europe,Denmark
522,10770,2013-12-17,3,5.32,South America,Brazil
523,10771,2014-01-02,2,11.19,Western Europe,Austria
524,10772,2013-12-19,2,91.28,Western Europe,Germany
525,10773,2013-12-16,3,96.43,Western Europe,Austria
526,10774,2013-12-12,1,48.2,Northern Europe,Sweden
527,10775,2013-12-26,1,20.25,North America,USA
528,10776,2013-12-18,3,351.53,Western Europe,Austria
529,10777,2014-01-21,2,3.01,South America,Brazil
530,10778,2013-12-24,1,6.79,Northern Europe,Sweden
531,10779,2014-01-14,2,58.13,Western Europe,Germany
532,10780,2013-12-25,1,42.13,South America,Venezuela
533,10781,2013-12-19,3,73.16,Scandinavia,Finland
534,10782,2013-12-22,3,1.1,South America,Argentina
535,10783,2013-12-19,2,124.98,South America,Brazil
536,10784,2013-12-22,3,70.09,Southern Europe,Italy
537,10785,2013-12-24,3,1.51,South America,Venezuela
538,10786,2013-12-23,1,110.87,South America,Brazil
539,10787,2013-12-26,1,249.93,Western Europe,France
540,10788,2014-01-19,2,42.7,Western Europe,Germany
541,10789,2013-12-31,2,100.6,Western Europe,France
542,10790,2013-12-26,1,28.23,South America,Brazil
543,10791,2014-01-01,2,16.85,Western Europe,Germany
544,10792,2013-12-31,3,23.79,Eastern Europe,Poland
545,10793,2014-01-08,3,4.52,British Isles,UK
546,10794,2014-01-02,1,21.49,South America,Brazil
547,10795,2014-01-20,2,126.66,Western Europe,Austria
548,10796,2014-01-14,1,26.52,South America,Venezuela
549,10797,2014-01-05,2,33.35,Western Europe,Germany
550,10798,2014-01-05,1,2.33,British Isles,UK
551,10799,2014-01-05,3,30.76,Western Europe,Germany
552,10800,2014-01-05,3,137.44,British Isles,UK
553,10801,2013-12-31,2,97.09,Southern Europe,Spain
554,10802,2014-01-02,2,257.26,Northern Europe,Denmark
555,10803,2014-01-06,1,55.23,South America,Brazil
556,10804,2014-01-07,2,27.33,British Isles,UK
557,10805,2014-01-09,3,237.34,North America,USA
558,10806,2014-01-05,2,22.11,Western Europe,France
559,10807,2014-01-30,1,1.36,Southern Europe,Italy
560,10808,2014-01-09,3,45.53,North America,USA
561,10809,2014-01-07,1,4.87,South America,Brazil
562,10810,2014-01-07,3,4.33,North America,Canada
563,10811,2014-01-08,1,31.22,South America,Venezuela
564,10812,2014-01-12,1,59.78,Southern Europe,Italy
565,10813,2014-01-09,1,47.38,South America,Brazil
566,10814,2014-01-14,3,130.94,Western Europe,France
567,10815,2014-01-14,3,14.62,North America,USA
568,10816,2014-02-04,2,719.78,North America,USA
569,10817,2014-01-13,2,306.07,Western Europe,Germany
570,10818,2014-01-12,3,65.48,Southern Europe,Italy
571,10819,2014-01-16,3,19.76,South America,Argentina
572,10820,2014-01-13,2,37.52,North America,USA
573,10821,2014-01-15,1,36.68,North America,USA
574,10822,2014-01-16,3,7.0,North America,USA
575,10823,2014-01-13,2,163.97,South America,Venezuela
576,10824,2014-01-30,1,1.23,Northern Europe,Sweden
577,10825,2014-01-14,1,79.25,Western Europe,Germany
578,10826,2014-02-06,1,7.09,Western Europe,France
579,10827,2014-02-06,2,63.54,Western Europe,France
580,10828,2014-02-04,1,90.85,South America,Argentina
581,10829,2014-01-23,1,154.72,British Isles,UK
582,10830,2014-01-21,2,81.83,South America,Brazil
583,10831,2014-01-23,2,72.19,Scandinavia,Norway
584,10832,2014-01-19,2,43.26,Western Europe,France
585,10833,2014-01-23,2,71.49,Western Europe,Germany
586,10834,2014-01-19,3,29.78,South America,Brazil
587,10835,2014-01-21,3,69.53,Western Europe,Germany
588,10836,2014-01-21,1,411.88,Western Europe,Austria
589,10837,2014-01-23,3,13.32,Northern Europe,Sweden
590,10838,2014-01-23,3,59.28,South America,Venezuela
591,10839,2014-01-22,3,35.43,South America,Brazil
592,10840,2014-02-16,2,2.71,South America,Venezuela
593,10841,2014-01-29,2,424.3,Western Europe,Belgium
594,10842,2014-01-29,3,54.42,Central America,Mexico
595,10843,2014-01-26,2,9.26,Western Europe,France
596,10844,2014-01-26,2,25.22,Western Europe,Austria
597,10845,2014-01-30,1,212.98,Western Europe,Germany
598,10846,2014-01-23,3,56.46,Western Europe,Belgium
599,10847,2014-02-10,3,487.57,North America,USA
600,10848,2014-01-29,2,38.24,British Isles,UK
601,10849,2014-01-30,2,0.56,Western Europe,Germany
602,10850,2014-01-30,1,49.19,Western Europe,France
603,10851,2014-02-02,1,160.55,South America,Brazil
604,10852,2014-01-30,1,174.05,North America,USA
605,10853,2014-02-03,2,53.83,Western Europe,Germany
606,10854,2014-02-05,2,100.22,Western Europe,Austria
607,10855,2014-02-04,1,170.97,North America,USA
608,10856,2014-02-10,2,58.43,Central America,Mexico
609,10857,2014-02-06,2,188.85,Northern Europe,Sweden
610,10858,2014-02-03,1,52.51,Western Europe,France
611,10859,2014-02-02,2,76.1,Western Europe,Germany
612,10860,2014-02-04,3,19.26,Western Europe,France
613,10861,2014-02-17,2,14.93,North America,USA
614,10862,2014-02-02,2,53.23,Western Europe,Germany
615,10863,2014-02-17,2,30.26,South America,Venezuela
616,10864,2014-02-09,2,3.04,British Isles,UK
617,10865,2014-02-12,1,348.14,Western Europe,Germany
618,10866,2014-02-12,1,109.11,Northern Europe,Sweden
619,10867,2014-02-11,1,1.93,North America,USA
620,10868,2014-02-23,2,191.27,South America,Brazil
621,10869,2014-02-09,1,143.28,British Isles,UK
622,10870,2014-02-13,3,12.04,Eastern Europe,Poland
623,10871,2014-02-10,2,112.27,Western Europe,France
624,10872,2014-02-09,2,175.32,Southern Europe,Spain
625,10873,2014-02-09,1,0.82,Scandinavia,Finland
626,10874,2014-02-11,2,19.58,Southern Europe,Spain
627,10875,2014-03-03,2,32.37,Northern Europe,Sweden
628,10876,2014-02-12,3,60.42,Western Europe,France
629,10877,2014-02-19,1,38.06,South America,Brazil
630,10878,2014-02-12,1,46.69,Western Europe,Germany
631,10879,2014-02-12,3,8.5,Scandinavia,Finland
632,10880,2014-02-18,1,88.01,Northern Europe,Sweden
633,10881,2014-02-18,1,2.84,South America,Argentina
634,10882,2014-02-20,3,23.1,North America,USA
635,10883,2014-02-20,3,0.53,North America,USA
636,10884,2014-02-13,2,90.97,North America,USA
637,10885,2014-02-18,3,5.64,Western Europe,Belgium
638,10886,2014-03-02,1,4.99,South America,Brazil
639,10887,2014-02-16,3,1.25,Southern Europe,Spain
640,10888,2014-02-23,2,51.87,Southern Europe,Spain
641,10889,2014-02-23,3,280.61,North America,USA
642,10890,2014-02-18,1,32.76,Western Europe,France
643,10891,2014-02-19,2,20.37,Western Europe,Germany
644,10892,2014-02-19,2,120.27,Western Europe,Belgium
645,10893,2014-02-20,2,77.78,Western Europe,Germany
646,10894,2014-02-20,1,116.13,North America,USA
647,10895,2014-02-23,1,162.75,Western Europe,Austria
648,10896,2014-02-27,3,32.45,Western Europe,Belgium
649,10897,2014-02-25,2,603.54,British Isles,Ireland
650,10898,2014-03-06,2,1.27,South America,Argentina
651,10899,2014-02-26,3,1.21,South America,Venezuela
652,10900,2014-03-04,2,1.66,South America,Brazil
653,10901,2014-02-26,1,62.09,South America,Venezuela
654,10902,2014-03-03,1,44.15,Northern Europe,Sweden
655,10903,2014-03-04,3,36.71,South America,Brazil
656,10904,2014-02-27,3,162.95,North America,USA
657,10905,2014-03-06,2,13.72,South America,Brazil
658,10906,2014-03-03,3,26.29,Eastern Europe,Poland
659,10907,2014-02-27,3,9.19,Western Europe,France
660,10908,2014-03-06,2,32.96,Southern Europe,Italy
661,10909,2014-03-10,2,53.05,Scandinavia,Norway
662,10910,2014-03-04,3,38.11,Scandinavia,Finland
663,10911,2014-03-05,1,38.19,Southern Europe,Spain
664,10912,2014-03-18,2,580.91,British Isles,Ireland
665,10913,2014-03-04,1,33.05,South America,Brazil
666,10914,2014-03-02,1,21.19,South America,Brazil
667,10915,2014-03-02,2,3.51,Central America,Mexico
668,10916,2014-03-09,2,63.77,South America,Argentina
669,10917,2014-03-11,2,8.29,Southern Europe,Spain
670,10918,2014-03-11,3,48.83,North America,Canada
671,10919,2014-03-04,2,19.8,South America,Venezuela
672,10920,2014-03-09,2,29.61,British Isles,UK
673,10921,2014-03-09,1,176.48,Northern Europe,Denmark
674,10922,2014-03-05,3,62.74,South America,Brazil
675,10923,2014-03-13,3,68.26,Western Europe,France
676,10924,2014-04-08,2,151.52,Northern Europe,Sweden
677,10925,2014-03-13,1,2.27,South America,Brazil
678,10926,2014-03-11,3,39.92,Central America,Mexico
679,10927,2014-04-08,1,19.79,Western Europe,France
680,10928,2014-03-18,1,1.36,Southern Europe,Spain
681,10929,2014-03-12,1,33.93,Western Europe,Germany
682,10930,2014-03-18,3,15.55,Western Europe,Belgium
683,10931,2014-03-19,2,13.6,Western Europe,Switzerland
684,10932,2014-03-24,1,134.64,Western Europe,France
685,10933,2014-03-16,3,54.15,British Isles,UK
686,10934,2014-03-12,3,32.01,Western Europe,Germany
687,10935,2014-03-18,3,47.59,South America,Brazil
688,10936,2014-03-18,2,33.68,North America,USA
689,10937,2014-03-13,3,31.51,South America,Argentina
690,10938,2014-03-16,2,31.89,Western Europe,Germany
691,10939,2014-03-13,2,76.33,Southern Europe,Italy
692,10940,2014-03-23,3,19.77,Western Europe,France
693,10941,2014-03-20,2,400.81,North America,USA
694,10942,2014-03-18,3,17.95,Southern Europe,Italy
695,10943,2014-03-19,2,2.17,British Isles,UK
696,10944,2014-03-13,3,52.92,North America,Canada
697,10945,2014-03-18,1,10.22,Western Europe,Germany
698,10946,2014-03-19,2,27.2,Northern Europe,Denmark
699,10947,2014-03-16,2,3.26,British Isles,UK
700,10948,2014-03-19,3,23.39,Southern Europe,Spain
701,10949,2014-03-17,3,74.44,North America,Canada
702,10950,2014-03-23,2,2.5,Southern Europe,Italy
703,10951,2014-04-07,2,30.85,Western Europe,Switzerland
704,10952,2014-03-24,1,40.42,Western Europe,Germany
705,10953,2014-03-25,2,23.72,British Isles,UK
706,10954,2014-03-20,1,27.91,South America,Venezuela
707,10955,2014-03-20,2,3.26,Northern Europe,Sweden
708,10956,2014-03-20,2,44.65,Western Europe,Germany
709,10957,2014-03-27,3,105.36,South America,Venezuela
710,10958,2014-03-27,2,49.56,South America,Argentina
711,10959,2014-03-23,2,4.98,South America,Brazil
712,10960,2014-04-08,1,2.08,South America,Venezuela
713,10961,2014-03-30,1,104.47,South America,Brazil
714,10962,2014-03-23,2,275.79,Western Europe,Germany
715,10963,2014-03-26,3,2.7,Southern Europe,Portugal
716,10964,2014-03-24,2,87.38,Western Europe,France
717,10965,2014-03-30,3,144.38,North America,USA
718,10966,2014-04-08,1,27.19,Western Europe,Switzerland
719,10967,2014-04-02,2,62.22,Western Europe,Germany
720,10968,2014-04-01,3,74.6,Western Europe,Austria
721,10969,2014-03-30,2,0.21,South America,Brazil
722,10970,2014-04-24,1,16.16,Southern Europe,Spain
723,10971,2014-04-02,2,121.82,Western Europe,France
724,10972,2014-03-26,2,0.02,Western Europe,France
725,10973,2014-03-27,2,15.17,Western Europe,France
726,10974,2014-04-03,3,12.96,North America,USA
727,10975,2014-03-27,3,32.27,North America,Canada
728,10976,2014-04-03,1,37.97,South America,Venezuela
729,10977,2014-04-10,3,208.5,Northern Europe,Sweden
730,10978,2014-04-23,2,32.82,Western Europe,Belgium
731,10979,2014-03-31,2,353.07,Western Europe,Austria
732,10980,2014-04-17,1,1.26,Northern Europe,Sweden
733,10981,2014-04-02,2,193.37,South America,Brazil
734,10982,2014-04-08,1,14.01,North America,Canada
735,10983,2014-04-06,2,657.54,North America,USA
736,10984,2014-04-03,3,211.22,North America,USA
737,10985,2014-04-02,1,91.51,British Isles,Ireland
738,10986,2014-04-21,2,217.86,South America,Argentina
739,10987,2014-04-06,1,185.48,British Isles,UK
740,10988,2014-04-10,2,61.14,North America,USA
741,10989,2014-04-02,1,34.76,South America,Brazil
742,10990,2014-04-07,3,117.61,Western Europe,Austria
743,10991,2014-04-07,1,38.51,Western Europe,Germany
744,10992,2014-04-03,3,4.27,North America,USA
745,10993,2014-04-10,3,8.81,Northern Europe,Sweden
746,10994,2014-04-09,3,65.53,Northern Europe,Denmark
747,10995,2014-04-06,3,46.0,Central America,Mexico
748,10996,2014-04-10,2,1.12,Western Europe,Germany
749,10997,2014-04-13,2,73.91,South America,Venezuela
750,10998,2014-04-17,2,20.31,Eastern Europe,Poland
751,10999,2014-04-10,2,96.35,Western Europe,Germany
752,11000,2014-04-14,3,55.12,North America,USA
753,11001,2014-04-14,2,197.3,Northern Europe,Sweden
754,11002,2014-04-16,1,141.16,North America,USA
755,11003,2014-04-08,3,14.91,North America,USA
756,11004,2014-04-20,1,44.84,Western Europe,Belgium
757,11005,2014-04-10,1,0.75,Scandinavia,Finland
758,11006,2014-04-15,2,25.19,North America,USA
759,11007,2014-04-13,2,202.24,Southern Europe,Portugal
760,11008,,3,79.46,Western Europe,Austria
761,11009,2014-04-10,1,59.11,Southern Europe,Spain
762,11010,2014-04-21,2,28.71,Southern Europe,Italy
763,11011,2014-04-13,1,1.21,Western Europe,Germany
764,11012,2014-04-17,3,242.95,Western Europe,Germany
765,11013,2014-04-10,1,32.99,Southern Europe,Spain
766,11014,2014-04-15,3,23.6,South America,Venezuela
767,11015,2014-04-20,2,4.62,Scandinavia,Norway
768,11016,2014-04-13,2,33.8,British Isles,UK
769,11017,2014-04-20,2,754.26,Western Europe,Austria
770,11018,2014-04-16,2,11.65,North America,USA
771,11019,,3,3.17,South America,Argentina
772,11020,2014-04-16,2,43.3,Western Europe,Germany
773,11021,2014-04-21,1,297.18,Western Europe,Germany
774,11022,2014-05-04,2,6.27,South America,Brazil
775,11023,2014-04-24,2,123.83,British Isles,UK
776,11024,2014-04-20,1,74.36,British Isles,UK
777,11025,2014-04-24,3,29.17,Scandinavia,Finland
778,11026,2014-04-28,1,47.09,Southern Europe,Italy
779,11027,2014-04-20,1,52.52,North America,Canada
780,11028,2014-04-22,1,29.59,Western Europe,Germany
781,11029,2014-04-27,1,47.84,Western Europe,Switzerland
782,11030,2014-04-27,2,830.75,North America,USA
783,11031,2014-04-24,2,227.22,North America,USA
784,11032,2014-04-23,3,606.19,North America,USA
785,11033,2014-04-23,3,84.74,Western Europe,Switzerland
786,11034,2014-04-27,1,40.32,North America,USA
787,11035,2014-04-24,2,0.17,Western Europe,Belgium
788,11036,2014-04-22,3,149.47,Western Europe,Germany
789,11037,2014-04-27,1,3.2,Southern Europe,Spain
790,11038,2014-04-30,2,29.59,Western Europe,Belgium
791,11039,,2,65.0,South America,Venezuela
792,11040,,3,18.84,North America,USA
793,11041,2014-04-28,2,48.22,Western Europe,Switzerland
794,11042,2014-05-01,1,29.99,South America,Brazil
795,11043,2014-04-29,2,8.8,Western Europe,France
796,11044,2014-05-01,1,8.72,Eastern Europe,Poland
797,11045,,2,70.58,North America,Canada
798,11046,2014-04-24,2,71.64,Western Europe,Germany
799,11047,2014-05-01,3,46.62,British Isles,UK
800,11048,2014-04-30,3,24.12,North America,Canada
801,11049,2014-05-04,1,8.34,South America,Brazil
802,11050,2014-05-05,2,59.41,Northern Europe,Sweden
803,11051,,3,2.79,Western Europe,France
804,11052,2014-05-01,1,67.26,South America,Brazil
805,11053,2014-04-29,2,53.05,Western Europe,Austria
806,11054,,1,0.33,South America,Argentina
807,11055,2014-05-05,2,120.92,South America,Venezuela
808,11056,2014-05-01,2,278.96,British Isles,UK
809,11057,2014-05-01,3,4.13,British Isles,UK
810,11058,,3,31.14,Western Europe,Germany
811,11059,,2,85.8,South America,Brazil
812,11060,2014-05-04,2,10.98,Southern Europe,Italy
813,11061,,3,14.01,North America,USA
814,11062,,2,29.93,Southern Europe,Italy
815,11063,2014-05-06,2,81.73,British Isles,Ireland
816,11064,2014-05-04,1,30.09,North America,USA
817,11065,,1,12.91,South America,Venezuela
818,11066,2014-05-04,2,44.72,North America,USA
819,11067,2014-05-06,2,7.98,Western Europe,Germany
820,11068,,2,81.75,South America,Brazil
821,11069,2014-05-06,2,15.67,Central America,Mexico
822,11070,,1,136.0,Western Europe,Germany
823,11071,,1,0.93,South America,Venezuela
824,11072,,2,258.64,Western Europe,Austria
825,11073,,2,24.95,Central America,Mexico
826,11074,,2,18.44,Northern Europe,Denmark
827,11075,,2,6.19,Western Europe,Switzerland
828,11076,,2,38.28,Western Europe,France
829,11077,,2,8.53,North America,USA
